{
 "add_total_row": 0,
 "columns": [],
 "creation": "2024-07-18 12:55:50.791909",
 "disabled": 0,
 "docstatus": 0,
 "doctype": "Report",
 "filters": [],
 "idx": 0,
 "is_standard": "Yes",
 "letterhead": null,
 "modified": "2024-07-18 12:55:50.791909",
 "modified_by": "Administrator",
 "module": "gym_management_system",
 "name": "Attendance report",
 "owner": "Administrator",
 "prepared_report": 0,
 "ref_doctype": "Member Daily Attendance",
 "report_name": "Attendance report",
 "report_type": "Script Report",
 "roles": []
}